<?xml version='1.0' encoding='UTF-8'?>
<project>
  <actions/>
  <description>Run one dsl job at a time.</description>
  <keepDependencies>false</keepDependencies>
  <properties>
    <jenkins.model.BuildDiscarderProperty>
      <strategy class="hudson.tasks.LogRotator">
        <daysToKeep>-1</daysToKeep>
        <numToKeep>20</numToKeep>
        <artifactDaysToKeep>-1</artifactDaysToKeep>
        <artifactNumToKeep>-1</artifactNumToKeep>
      </strategy>
    </jenkins.model.BuildDiscarderProperty>
    <jenkins.advancedqueue.AdvancedQueueSorterJobProperty plugin="PrioritySorter@2.9">
      <useJobPriority>false</useJobPriority>
      <priority>-1</priority>
    </jenkins.advancedqueue.AdvancedQueueSorterJobProperty>
    <com.sonyericsson.rebuild.RebuildSettings plugin="rebuild@1.29">
      <autoRebuild>false</autoRebuild>
      <rebuildDisabled>false</rebuildDisabled>
    </com.sonyericsson.rebuild.RebuildSettings>
    <hudson.model.ParametersDefinitionProperty>
      <parameterDefinitions>
        <hudson.model.StringParameterDefinition>
          <name>DSL_SCRIPT</name>
          <description>Path to dsl script to run, from the root of the https://github.com/edx/jenkins-job-dsl repo (i.e. sample/jobs/sampleJob.groovy)</description>
          <defaultValue>sample/jobs/sampleJob.groovy</defaultValue>
        </hudson.model.StringParameterDefinition>
        <hudson.model.StringParameterDefinition>
          <name>BRANCH</name>
          <description>Branch of jenkins-job-dsl repo to use</description>
          <defaultValue>*/master</defaultValue>
        </hudson.model.StringParameterDefinition>
      </parameterDefinitions>
    </hudson.model.ParametersDefinitionProperty>
  </properties>
  <scm class="hudson.plugins.git.GitSCM" plugin="git@3.9.1">
    <configVersion>2</configVersion>
    <userRemoteConfigs>
      <hudson.plugins.git.UserRemoteConfig>
        <url>https://github.com/edx/jenkins-job-dsl.git</url>
      </hudson.plugins.git.UserRemoteConfig>
    </userRemoteConfigs>
    <branches>
      <hudson.plugins.git.BranchSpec>
        <name>${BRANCH}</name>
      </hudson.plugins.git.BranchSpec>
    </branches>
    <doGenerateSubmoduleConfigurations>false</doGenerateSubmoduleConfigurations>
    <submoduleCfg class="list"/>
    <extensions/>
  </scm>
  <assignedNode>dsl-seed-runner</assignedNode>
  <canRoam>false</canRoam>
  <disabled>false</disabled>
  <blockBuildWhenDownstreamBuilding>false</blockBuildWhenDownstreamBuilding>
  <blockBuildWhenUpstreamBuilding>false</blockBuildWhenUpstreamBuilding>
  <triggers/>
  <concurrentBuild>false</concurrentBuild>
  <builders>
    <hudson.tasks.Shell>
      <command>#!/usr/bin/env bash

      # exit if user-supplied parameter does not exisit
      if [ ! -e ${DSL_SCRIPT} ]; then
        echo &quot;DSL Script &apos;{DSL_SCRIPT}&apos; does not exist. Please try again&quot;
          exit 1
      fi
      </command>
    </hudson.tasks.Shell>
    <hudson.plugins.gradle.Gradle plugin="gradle@1.29">
      <description>tert</description>
      <switches></switches>
      <tasks>libs
assemble</tasks>
      <rootBuildScriptDir></rootBuildScriptDir>
      <buildFile></buildFile>
      <gradleName>(Default)</gradleName>
      <useWrapper>true</useWrapper>
      <makeExecutable>true</makeExecutable>
      <fromRootBuildScriptDir>true</fromRootBuildScriptDir>
      <useWorkspaceAsHome>true</useWorkspaceAsHome>
    </hudson.plugins.gradle.Gradle>
    <javaposse.jobdsl.plugin.ExecuteDslScripts plugin="job-dsl@1.70">
      <targets>${DSL_SCRIPT}</targets>
      <usingScriptText>false</usingScriptText>
      <ignoreExisting>false</ignoreExisting>
      <removedJobAction>IGNORE</removedJobAction>
      <removedViewAction>IGNORE</removedViewAction>
      <lookupStrategy>JENKINS_ROOT</lookupStrategy>
      <additionalClasspath>lib/snakeyaml-1.17.jar
src/main/groovy</additionalClasspath>
    </javaposse.jobdsl.plugin.ExecuteDslScripts>
  </builders>
  <publishers/>
  <buildWrappers/>
</project>
