{
  "connection_user": "hadoop",
  "credentials_file_url": "/edx/etc/edx-analytics-pipeline/output.json",
  "exporter_output_bucket": "",
  "geolocation_data": "/var/tmp/geolocation-data.mmdb",
  "hive_user": "hadoop",
  "host": "localhost",
  "identifier": "local-devstack",
  "manifest_input_format": "org.edx.hadoop.input.ManifestTextInputFormat",
  "oddjob_jar": "hdfs://localhost:9000/edx-analytics-pipeline/packages/edx-analytics-hadoop-util.jar",
  "tasks_branch": "origin/HEAD",
  "tasks_log_path": "/tmp/acceptance/",
  "tasks_output_url": "hdfs://localhost:9000/acceptance-test-output/",
  "tasks_repo": "/edx/app/analytics_pipeline/analytics_pipeline",
  "vertica_creds_url": "",
  "wheel_url": "https://edx-wheelhouse.s3-website-us-east-1.amazonaws.com/Ubuntu/precise"
}
